slang,formal
udah,sudah
ntar,nanti
be like,seperti
aja,saja
dah,sudah
begimana,bagaimana
online,daring
offline,luring
struggle,perjuangan
real,nyata
okeh,oke
mak,ibu
xpa,apa
yg,yang
faham,paham
korona,corona
labtop,laptop
sohib,rekat
gak,tidak
tak,tidak
gru,guru
klo,kalau
ksi,kasih
g,tidak
dgn,dengan
lgi,lagi
ny,nya
jdi,jadi
dobell,ganda
scroll,gulir
lo,kamu
nggak,tidak
byk,banyak
maksuf,maksud
responsive,responsif
good luck,beruntung
ad,ada
karna,karena
tsb,tersebut
njing,anjing
deadline,batas waktu
group,grup
parents,orang tua
ayolohhh,ayo
mamah,ibu
twt,twitter
akhibat,akibat
tu,itu
org,orang
pinjem,pinjam
ortu,orang tua
yookkk,ayo
cutiepie,sayang
mami,ibu
d,di
ngeblank,kosong
ibuk,ibu
lgsg,langsung
hadeeeh,aduh
anjim,anjing
plis,tolong
bund,ibu
listri,listrik
ottoke,bagaimana
ampe,sampai
kek,seperti
ga,tidak
bener,benar
yak,ya
nanya,tanya
jgn,jangan
yuk,ayo
tdk,tidak
waduh,aduh
kalo,kalau
gamampu,tidak mampu
yauda,yasudah
story,cerita
end,akhir
ajaa,saja
budget,biaya
exactly,tepat
gaada,tidak ada
gunanyaa,guna
onlen,daring
banget,sekali
alhamdulillah,alhamdulilah
gaperlu,tidak perlu
gaes,teman
dapet,dapat
hadu,aduh
gaess,teman
susar,susah
belamra,belajar
bagaiman,bagaimana
kaya,seperti
privacy,pribadi
yaudah,yasudah
orng,orang
udh,sudah
kl,kalau
ky,seperti
i did,aku
asik,asyik
mampis,mati
mampos,mati
mampus,mati
yu,ayo
baubau,bau
new,baru
pake,pakai
naruh,taruh
job,pekerjaan
kel,kelas
ni,ini
nk,ingin
share,bagi
math,matematika
sikit,sedikit
take,ambil
guys,teman
gengs,teman
girls,gadis
yuks,ayo
check,cek
ngabs,bagaimana
cam,kamera
buk,ibu
pengin,ingin
ngak,tidak
klau,kalau
dear,sayang
bangettt,sekali
anjinggg,anjing
muluuu,selalu
taii,tahi
bego,bodoh
abisan,habis
yukk,ayo
request,minta
yng,yang
chattingan,obrolan
horror,seram
horor,seram
jilbab,kerudung
tura,tidur
turu,tidur
ujug,akhir
japri,hubungi
mhsw,mahasiswa
rek,teman
piye,bagaimana
masamu,menurutmu
pen,ingin
ngk,tidak
open,buka
santuy,santai
cuman,hanya
cuma,hanya
kayanya,seperti
pc,komputer
bejibun,banyak
hunting,buru
alesan,alasan
cekkkk,cek
emang,memang
fighting,berjuang
mahasiswai,mahasswa
doi,dia
panikgogi,panik
inj,ini
onlineshittt,tahi
apaa,apa
nihhh,ini
selese,selesai
kelarrrr,selesai
jadika,jadi
kongkret,konkret
smpe,sampai
mls,malas
boker,beol
buanyakkkk,banyak
sampek,sampai
tapiiiii,tapi
teross,terus
weekend,akhir pekan
utk,untuk
mamposs,mati
kao,kamu
nak,anak
bnr,benar
pliss,tolong
pak,bapak
bu,ibu
kg,tidak
tetep,tetap
onlineeeeeeeee,daring
taudehhh,tahu
ngantukkkk,ngantuk
nggk,tidak
midtest,uts
bgst,bangsat
classroom,kelas
class,kelas
dedlen,batas waktu
njim,anjing
abis,habis
mid,uts
human,manusia
diacc,terima
acc,terima
bun,ibu
rekomendasii,rekomendasi
tetp,tetap
bpkny,bapak
ngantuqqq,ngantuk
gasi,tidak
momen,peristiwa
moment,peristiwa
moments,peristiwa
pala,kepala
ibuknyaa,ibu
mon,mohon
maap,maaf
ye,ya
aamiin,amin
njirr,anjing
kayak,seperti
linglung,lupa
wa,whatsapp
whatsap,whatsapp
tibatiba,tiba
tggl,tanggal
tgl,tanggal
sem,semester
poor,miskin
mabok,mabuk
dikiiit,sedikit
diem,diam
rule,aturan
kaga,tidak
paakk,bapak
ceritaa,cerita
ceritaaa,cerita
please,tolong
lemot,lambat
reposted,ulang
moodiyan,murung
moody,murung
tranding,populer
trending,populer
paansi,apa
mles,malas
sopinter,sok pintar
au,tahu
bangsaadd,bangsat
beloom,belum
ajg,anjing
ngg,tidak
sobi,teman
sobat,teman
apalagu,apalagi
tgs,tugas
allaah,allah
bangub,bangun
lag,lambat
ambyar,hancur
trosss,terus
tross,terus
anying,anjing
nanyak,tanya
kyk,seperti
skrng,sekarang
skrg,sekarang
e learning,elearning
gae,buat
pdhl,padahal
pdahal,padahal
pdhal,padahal
mimin,admin
min,admin
engga,tidak
iyaa,iya
iyaaa,iya
iyy,iya
iy,iya
yes,iya
dr,dari
dri,dari
sumbe,sumber
swipe,geser
kir,kira
dosenya,dosen
log out,keluar
biasany,biasa
ternyta,nyata
msih,masih
join,gabung
bapanya,bapak
pda,pada
here,sini
we,kita
go,pergi
again,lagi
poto,foto
photo,foto
ss,screenshot
dpt,dapat
idung,hidung
glowing,cahaya
wlwpun,walau
kw,kawasan
belon,belum
pakabar,apa kabar
ntah,entah
gaberani,tidak berani
seblm,sebelum
kezzzel,kesal
nnti,nanti
nti,nanti
tahajuddan,tahajud
gwe,aku
belom,belum
bwt,untuk
amatt,sekali
yuuuu,ayo
yuu,ayo
bbrp,beberapa
plus,tambah
jg,juga
ituu,itu
tuuu,itu
tuh,itu
anjp,anjing
anj,anjing
essensial,penting
jugak,juga
sebel,kesal
unek,uneg
next,lanjut
krusial,penting
tar,nanti
berenti,berhenti
takan,tidak
dlm,dalam
adl,adalah
hrs,harus
handsanitazer,handsanitizer
mba,kakak
mas,kakak
mbak,kakak
gokill,gokil
gokilll,gokil
read,baca
shop,toko
gaksuka,tidak suka
drakor,drama korea
drama korea,drama korea
toddler,balita
kasian,kasihan
what,apa
how,bagaimana
also,juga
blur,buram
elah,allah
nongol,muncul
sekolahhh,sekolah
sekolahh,sekolah
leyeh,santai
thank,terimakasih
you,kamu
ofline,luring
power,kekuatan
mkn,makan
bs,bisa
yaallah,allah
ancur,hancur
facial,perawatan muka
nder,teman
rapog,raport
sbb,karena
pgi,pagi
liat,lihat
off,mati
assignment,tugas
assignments,tugas
right,benar
so,jadi
kal,kalian
duhh,aduh
logout,keluar
amattt,sekali
kaliii,kali
yaah,ya
xmau,tidak
bljar,belajar
pingin,ingin
somehow,bagaimana
miss,rindu
life,hidup
almost,hampir
every,setiap
day,hari
meninggoy,mati
idup,hidup
interacting,interaksi
with,dengan
people,orang
blas,sekali
standart,standar
amburadul,acak
atuh,aduh
bat,sekali
mmbuat,buat
anjj,anjing
screenshots,screenshot
krn,karena
runut,runtut
bnyk,banyak
emak,ibu
ud,sudah
samaa,sama
sedihhh,sedih
sedihh,sedih
banyaaak,banyak
banyaak,banyak
rilek,santai
je,saja
exam,ujian
dahla,sudah
room,ruang
worth it,guna
storytell,cerita
ttg,tentang
bosen,bosan
bocah,anak
fis,fisika
bio,biologi
ujan,hujan
udahlah,sudah
sambi,sambil
gimanaaa,bagaimana
ak,aku
ayok,ayo
reply,balas
too,juga
pusingg,pusing
pusinggg,pusing
duh,aduh
kls,kelas
krna,karena
feel,merasa
u,kamu
ade,adik
lg,lagi
pngn,ingin
spt,seperti
duel,tanding
circle,lingkaran
kopid,covid
semangatt,semangat
semangattt,semangat
have,punya
first,pertama
all,semua
sbaikmya,baik
anxiety,gelisah
submit,kirim
etc,dsb
sekarangg,sekarang
course,kursus
courses,kursus
kesel,kesal
super,sangat
mencar,pisah
ato,atau
udeh,sudah
enggak,tidak
smt,semester
workshop,seminar
kdg,kadang
tpb,tapi
mayan,lumayan
mayann,lumayan
pdaku,pada
secape,kesal
time,waktu
setaun,tahun
taun,tahun
mamposla,mati
focus,fokus
twit,twitter
cepet,cepat
help,bantu
emg,memang
gmn,bagaimana
lets,ayo
support,dukung
each,sesama
other,lain
public,publik
speaking,bicara
kea,seperti
gestur,sikap
gesture,sikap
enaaa,enak
haih,aduh
jhe,saja
face,wajah
to,ke
convert,konfersi
clinical,klinik
years,tahun
inimah,ini
abistu,habis
february,februari
january,januari
reti,sampai
wis,sudah
wae,saja
apply,lamar
project,proyek
respect,hormat
kudu,harus
them,mereka
set,setengah
bsk,besok
hadie,aduh
iyha,iya
mama,ibu
jug,juga
then,lalu
fully,penuh
boss,bos
hallo,halo
aje,saja
bundz,ibu
apus,hapus
itung,hitung
nnton,nonton
trouble,masalah
diuruss,urus
njir,anjing
takda,tidak
gtgt,gitu
practical,praktikal
boong,bohong
kepake,pakai
suke,suka
sapa,siapa
semuanyaaaaaa,semua
student,siswa
students,siswa
slalu,selalu
miiin,admin
telp,telpon
aj,saja
mudeng,paham
loss,hilang
ilang,hilang
emmak,ibu
jjur,jujur
bru,baru
semwa,semua
gedeg,kesal
yabalik,balik
and,dan
login,masuk
ngapaain,apa
offcam,tutup kamera
bomat,bodoamat
sad,sedih
mmg,memang
masuklh,masuk
bln,bulan
jatoh,jatuh
jatohnya,jatuh
mmf,maaf
jbjb,tiba
heyy,halo
morning,pagi
dh,sudah
gi,lagi
smngt,semangat
kuis,quiz
cardi,cardigan
kampretos,kampret
wkt,waktu
bestfriend,teman
morningg,pagi
morninggg,pagi
kak,kakak
everyone,semua
met,selamat
she,dia
ngadi,ada
split,pisah
saking,sampai
smkin,semakin
rajiiiin,rajin
stand by,siap
pls,tolong
uda,sudah
shit,tahi
shits,tahi
really,benar
need,butuh
someone,orang
talk,bicara
bodo,bodoh
adek,adik
masi,masih
school,sekolah
relate,hubung
gimanaa,bagaimana
puyeng,pusing
achievement,penghargaan
tai,tahi
leha,santai
perfect,sempurna
attendaance,hadir
jawapan,jawaban
jadual,jadwal
slow,lambat
noti,pemberitahuan
because,karena
sekaliii,sekali
msh,masih
inget,ingat
bang,kakak
last,akhir
hapyyy,senang
dikick,usir
intern,magang
tidurrrrrr,tidur
ngzoom,zoom
damn,sial
mostly,sering
braw,kakak
temen,teman
cont,lanjut
sregep,rajin
jugaaa,juga
blended,gabung
dg,dengan
kanca,teman
akeh,banyak
seko,dari
lol,tertawa
ges,teman
flat,datar
fandom,fan
fangirl,fan
abang,kakak
moto,foto
anjirt,anjing
fak,anjing
abs,habis
wtf,anjing
out,keluar
drpd,daripada
puter,putar
waktuny,waktu
selaluu,selalu
troboos,trobos
stop,berhenti
emhnya,memang
td,tadi
grgr,gara
sob,teman
ngga,tidak
stupid,bodoh
nyambi,sambil
badmood,murung
demen,suka
kolor,boxer
diaa,dia
diaaa,dia
bukaan,bukan
international,internasional
officeeee,kantor
free,gratis
gitcu,gitu
darii,dari
uni,universitas
buna,ibu
bunanya,ibu
upload,unggah
kalii,kali
positip,positif
brooooooo,teman
bruuuhhhh,teman
webminar,webinar
skolah,sekolah
gimanasi,bagaimana
skap,skip
gblk,bodoh
jim,anjing
eek,beol
cuk,jancuk
taekk,tahi
that,itu
hate,benci
college,kuliah
offlen,luring
offlennya,luring
dama,sama
gapapaa,tidak apa
tell,beritahu
us,kami
will,akan
nannya,tanya
anjrit,anjing
smpt,sempat
ayen,aku
univ,universitas
nile,nilai
anjlog,turun
boi,anak
siah,bagaimana
napas,nafas
bernapas,nafas
robb,allah
dgrin,dengar
sek,masih
dikongkon,suruh
kongkon,suruh
najan,karena
salahno,salah
dkk,dsb
mder,teman
dat,itu
prnh,pernah
mhswnya,mahasiswa
kick,usir
paniiikkk,panik
paniikkk,panik
idupin,hidup
rank,peringkat
masup,masuk
psti,pasti
dpn,depan
kamerlah,kamera
kamer,kamera
ngntuk,ngantuk
yutub,youtube
reeeeekk,teman
bangeeeeeeeeddd,sekali
even,bahkan
biasae,biasa
trmsk,termasuk
subject,subjek
he,dia
wants,ingin
happy,senang
combination,kombinasi
dude,teman
wrong,salah
crack,pecah
serek,serak
or,atau
jwb,jawab
scr,secara
balance,imbang
left,keluar
kat,dekat
dek,dik
nyokap,ibu
bokap,bapak
wit,twitter
brisik,berisik
bcs,karena
dikasi,kasih
slese,selesai
mggu,minggu
menabahh,tambah
nabah,tambah
gasin,gas
gass,gas
gasss,gas
hayu,ayo
abah,bapak
sklh,sekolah
boring,bosan
pagiiiiii,pagi
hayo,ayo
home,rumah
ketiwi,tawa
ketawa,tawa
sampe,sampai
alfa,alpa
hr,hari
br,baru
mincot,admin
iyhh,iya
team,grup
gemeter,getar
kelar,selesai
kaak,kakak
bobooo,tidur
bobo,tidur
bobok,tidur
njirrrr,anjing
mellow,lembut
prefer,suka
naok,naik
naro,taruh
by,dari
ori,asli
yt,youtube
jk,gurau
mtk,matematika
saiki,sekarang
blass,blas
po,apa
call,telpon
mhs,mahasiswa
tauu,tahu
arek,anak
ambis,ambisius
blank,kosong
sja,saja
voice,suara
syg,sayang
fake,palsu
mblenger,terlalu
walo,walau
walopun,walau
kekeuh,kukuh
yaambunnn,allah
punggu,punggung
redirect,alih
nyatet,catat
bakal,akan
bakalan,akan
bkalan,akan
leave,keluar
cengini,siang
volunteer,relawan
kagok,susah
ngelambe,bicara
personal,pribadi
rotate,putar
takpa,tidak apa
ssejak,sejak
coroni,corona
beres,selesai
sumpahh,sumpah
sumpahhh,sumpah
tuhhh,itu
harusnyaa,harus
praktek,praktik
les,kursus
bapack,bapak
drop,jatuh
pulak,pula
give,beri
away,jauh
aslii,asli
mksudnya,maksud
mksud,maksud
kyknya,seperti
ja,saja
duk,duduk
cakap,bicara
rejeki,rezeki
rizki,rezeki
rizkinya,rezeki
rejekinya,rezeki
maybe,mungkin
brou,kakak
keep,simpan
spirit,semangat
prayer,doa
believe,percaya
skola,sekolah
gatauuu,tidak tahu
perna,pernah
tolol,bodoh
murid,siswa
ngaco,kacau
jela,saja
book,buku
ikit,ikut
pape,apa
hrsnya,harus
mlu,selalu
see,lihat
pertma,pertama
tdr,tidur
anjm,anjing
repeat,ulang
pgn,ingin
gtloh,gitu
ktmu,temu
sik,masih
smlm,malam
looooove,cinta
sembuhhhhh,sembuh
mcm,macam
dgr,dengar
tgk,lihat
dst,dsb
cepetaaan,cepat
university,universitas
coronces,corona
apsen,absen
apalgi,apa
adenya,adik
buanyak,banyak
baique,baik
as,sebagai
contact,kontak
jur,jurusan
mnyimak,simak
fifty,limapuluh
dedel,susah
sby,surabaya
mna,mana
pagii,pagi
sbg,sebagai
beginiiiiii,begini
sekaliiii,sekali
kawan,teman
listen,dengar
pede,percaya diri
pd,percaya diri
maleeees,malas
like,suka
duit,uang
duid,uang
money,uang
triak,teriak
noooo,tidak
ajj,anjing
sister,kakak
brother,kakak
nite,malam
esok,besok
equals,sama
lamaaaaa,lama
lamaaaa,lama
lamaaa,lama
lamaa,lama
yailaaah,allah
manaa,mana
full,penuh
award,penghargaan
kene,sini
mention,sebut
degdegan,deg
gituuu,gitu
yainti,inti
yaintinya,inti
gatau,tidak tahu
hype,terkenal
burem,buram
makasii,terimakasih
touch,sentuh
ileran,liur
thinking,pikir
maksd,maksud
maksdny,maksud
maksdnya,maksud
mkst,maksud
mkstnya,maksud
ngewe,mesum
pr,tugas
justice,adil
manjun,manjur
stadd,ustaz
stay,tinggal
healthy,sehat
brrti,arti
ka,kakak
kreta,kereta
berbeza,beda
friver,kemudi
bgsd,bangsat
stres,stress
back,kembali
start,mulai
batre,baterai
batrenya,baterai
pengen,ingin
tuker,tukar
tukeran,tukar
oncam,kamera
msuk,masuk
socialize,sosialisasi
don,tidak
lngsung,langsung
bngun,bangun
shopping,belanja
postpone,tunda
comment,komentar
sorry,maaf
for,untuk
kuh,aku
akuu,aku
yukkk,ayo
sendiriiii,sendiri
nderrr,teman
sirkel,lingkaran
boro,jangan
tkt,takut
graduate,lulus
hactic,sibuk
hectic,sibuk
malem,malam
fikiran,pikir
fikir,pikir
begokk,bodoh
berasaaa,rasa
guee,aku
allahuu,allah
bisnes,bisnis
sebenarnyaaa,benar
allahu,allah
service,layan
spot,titik
anjr,anjing
dont,jangan
things,hal
getting,jadi
worse,buruk
dunt,tidak
hv,punya
friends,teman
diff,beda
bawel,cerewet
jek,ojek
giveaway,hadiah
baij,baik
sgt,sekali
nga,tidak
gada,tidak ada
ocehan,omong
oceh,omong
lbh,lebih
pass,pas
gk,tidak
terbaikkkkk,baik
very,sangat
idea,ide
pandemik,pandemi
rapih,rapi
manage,atur
mgga,tidak
pastu,pasti
signal,jaringan
benr,benar
fuck,persetan
luama,lama
tegor,tegur
ditegor,tegur
anjeng,anjing
quota,kuota
dsj,dsb
unfair,tidak adil
btul,betul
ofc,tentu
kerumahz,rumah
rumahz,rumah
enek,eneg
encourage,semangat
automatically,auto
done,sudah
thanks,terimakasih
wish,harap
luck,beruntung
mantau,pantau
download,unduh
least,setidaknya
bye,selamat tinggal
byebye,selamat tinggal
enau,enak
god,tuhan
nimb,nimbun
mlah,malah
smst,semester
weekdays,pekan
cman,cuma
aing,aku
manteman,teman
gapake,tidak pakai
hijab,kerudung
anjae,anjing
anjayani,anjing
proper,layak
dec,desember
brng,bareng
gaspol,gas
rapot,raport
rampyungg,sudah
maning,lagi
ngesuk,besok
esih,masih
pressure,tekanan
maloe,malu
astagaaa,astaga
lalen,lupa
hustle,ramai
kebablasan,kelewat
bablasa,kelewat
lebi,lebih
abiji,nilai
event,acara
setidakmungkin,tidak mungkin
berak,beol
thought,pikir
cuddling,peluk
deadass,mati
refers,tuju
satuu,satu
sakitt,sakit
semogaaa,semoga
everyday,setiap hari
gils,gila
uga,juga
dengaaaan,dengan
maraton,marathon
dinner,makan malam
client,klien
useless,tidak berguna
caper,cari perhatian
caperr,cari perhatian
caperrr,cari perhatian
item,hitam
belajarpun,belajar
elahhh,allah
mapelah,mapel
only,hanya
our,kami
one,satu
angell,susah
pleciden,presiden
through,lewat
dag,deg
dig,deg
dug,deg
sagne,mesum
ngekick,usir
hbis,habis
maniiis,manis
details,detil
wasap,whatsapp
standby,tinggal
love,suka
texting,obrol
text,obrol
outfit,pakaian
kantung,kantong
mrasa,merasa
thdp,hadap
malaya,malaysia
indo,indonesia
sleep,tidur
skrang,sekarang
jirr,anjing
flop,gagal
survive,bertahan
best,terbaik
feeling,perasaan
poadcast,podcast
sometimes,kadang
test,ujian
quiz,kuis
final,akhir
dewee,sendiri
yaudahlaa,sudah
months,bulan
dahhh,sudah
jwabin,jawab
mislkn,misal
jwbn,jawab
mirit,siswa
hqq,hakiki
aminn,amin
poop,beol
sndri,sendiri
camping,kemah
doh,aduh
apps,aplikasi
app,aplikasi
bkan,bukan
spupu,sepupu
laqnat,laknat
eskul,ekstrakulikuler
ngilang,hilang
sist,kakak
luv,sayang
sabi,bisa
interact,interaksi
muridnya,siswa
apakbar,apa kabar
opsi,pilihan
recorder,rekam
nongkrong,kumpul
wonge,orang
ancen,memang
iki,ini
asu,anjing
udahan,sudah
ibun,ibu
ayah,bapak
gasanggup,tidak sanggup
manut,nurut
rangking,peringkat
skarang,sekarang
mindset,pikir
jugaaaaa,juga
asuuuuuu,anjing
bokep,porno
ngebokep,porno
taiiii,tahi
point,titik
pasrahh,pasrah
yaudahla,sudah
kagettt,kaget
tricky,rumit
edgy,gelisah
buosen,bosan
expectation,harap
reality,realitas
attack,serang
dahal,padahal
ttep,tetap
msk,masuk
silent,diam
kulaih,kuliah
ijin,izin
emng,memang
smph,sumpah
excited,semangat
mngkin,mungkin
apala,apa
decided,memutuskan
masturbate,masturbasi
denger,dengar
kmrn,kemarin
kemaren,kemarin
bdg,bandung
ikutt,ikut
oengen,ingin
kelen,kalian
fresh,segar
kuliat,lihat
isoo,bisa
abes,habis
muzikgempak,musik
pinter,pintar
jugaa,juga
males,malas
hariini,hari
smgt,semangat
konsen,konsentrasi
fav,suka
tehthering,tethering
sialllllllllll,sial
tmn,teman
cowo,cowok
sumpe,sumpah
cheating,curang
cheat,curang
kakel,kakak tingkat
sangatttt,sangat
habisla,habis
keasikan,asyik
regis,registrasi
welcome,selamat datang
muk,ingin
masterpiece,mahakarya
cororong,corona
gatay,tidak tahu
entar,nanti
nongkrrong,kumpul
eren,keren
iyegahhh,tidak
dirumaahh,rumah
mandipun,mandi
dha,sudah
klen,kalian
anjg,anjing
beneerr,benar
bangeettt,sekali
bpk,bapak
macem,macam
adlh,adalah
penat,pusing
sekola,sekolah
kdng,kadang
kaliam,kalian
hayuk,ayo
party,pesta
embo,tidak tahu
bolot,tuli
budeg,tuli
omg,tuhan
bundir,bunuh diri
alpokat,alpukat
avocado,alpukat
reformasj,reformasi
tkut,tidak
mengajarr,ajar
ajarr,ajar
cintaim,cinta
probably,mungkin
overthinking,pikir
betulllll,benar
doswn,dosen
seger,segar
rona,corona
sepineee,sepi
polllllll,sangat
orgorg,orang
dn,dan
problem,masalah
hrus,harus
schedule,jadwal
gasik,tidak
stgh,setengah
goblokkk,bodoh
lagiiii,lagi
alloh,allah
ln,lain
gaadak,tidak ada
jaman,zaman
etapi,tapi
iyaaaaa,iya
sng,senang
connection,koneksi
ikt,ikut
adapted,adaptasi
seneng,senang
weird,aneh
konsul,konsultasi
pa,bapak
maloee,malu
lagii,lagi
pakek,pakai
semangak,semangat
menurutgw,nurut
tbh,jujur
internship,magang
scholarship,beasiswa
ilmunyaaa,ilmu
djancokk,jancuk
serep,serap
enjoy,nikmat
plan,rencana
hopefully,harap
ginii,begini
brpa,berapa
tarsoktarsok,nanti
panikk,panik
bangeeet,sekali
ambyarrrrr,hancur
ampunddd,ampun
maen,main
wayahe,waktu
entok,dapat
kiraiin,kira
asw,anjing
monangesss,nangis
punyaaaaa,punya
adi,adik
pgen,ingin
music,musik
favorite,suka
sbgai,sebagai
gabs,tidak bisa
jdny,jadi
sajahh,saja
bapa,bapak
without,tanpa
bilding,gedung
stuffs,barang
normalize,normal
kmi,kami
afternoon,sore
gilak,gila
ndaa,tidak
mslah,masalah
drumah,rumah
tntang,tentang
ripyuu,tinjau
meneh,lagi
anaku,anak
bngt,banget
bgtt,banget
bnget,banget
baget,banget
jd,jadi
jga,juga
sy,saya
sya,saya
sayaa,saya
lu,kamu
gue,saya
kluar,keluar
tmen,teman
bsa,bisa
gbs,tidak bisa
gbisa,tidak bisa
gbsa,tidak bisa
gamau,tidak mau
kagak,tidak
gx,tidak
kya,seperti
sdh,sudah
gimna,bagaimana
gmna,bagaimana
bnyak,banyak
sndiri,sendiri
mw,mau
tlg,tolong
tlong,tolong
plss,tolong
ulng,ulang
kdang,kadang
sllu,selalu
stiap,setiap
mkin,makin
ajah,saja
cmn,hanya
cm,hanya
hps,hapus
hpus,hapus
dongg,dong
inii,ini
yaa,ya
yah,ya
yahh,ya
yh,ya
smua,semua
klw,kalau
kalok,kalau
vidio,video
fidio,video
vid,video
kouta,kuota
vitur,fitur
donlod,download
gua,saya
tau,tahu
gabisa,tidak bisa
gajelas,tidak jelas
ngelag,lag
bikin,membuat
benerin,perbaiki
doang,saja
dikit,sedikit
gitu,begitu
gimana,bagaimana
cape,lelah
capek,lelah
kebuka,terbuka
nyaa,nya
seruu,seru
baguss,bagus
bangett,banget
bgus,bagus
terimakasih,terima kasih
soalnya,karena
tiap,setiap
apl,aplikasi
sukaa,suka
apaan,apa
bgs,bagus
balikin,kembalikan
bisaa,bisa
makasih,terima kasih
tiktokk,tiktok
gtu,begitu
perbaikin,perbaiki
muter,berputar
notif,notifikasi
gede,besar
rame,ramai
mlh,malah
sangatt,sangat
pokonya,pokoknya
adain,adakan
masukin,masukkan
ngasih,memberi
bguss,bagus
nyari,mencari
tambahin,tambahkan
dibenerin,diperbaiki
kerenn,keren
pke,pakai
dipake,dipakai
make,memakai
jls,jelas
trimakasih,terima kasih
gjls,tidak jelas
vidionya,videonya
tbtb,tiba-tiba
gt,begitu
gaa,tidak
ilangin,hilangkan
kli,kali
gituu,begitu
gpp,tidak apa-apa
bkin,membuat
gaje,tidak jelas
bentar,sebentar
gj,tidak jelas
joss,bagus
sngt,sangat
hri,hari
nyesel,menyesal
kren,keren
ngabisin,menghabiskan
tida,tidak
sebenernya,sebenarnya
hilangin,hilangkan
kk,kakak
ttk,tiktok
nyah,nya
sagat,sangat
klu,kalau
nyoba,mencoba
bayak,banyak
stuk,stuck
ngalamin,mengalami
sngat,sangat
bocil,anak kecil
ngbug,ngebug
rb,ribu
btw,omong-omong
kembaliin,kembalikan
sring,sering
ngelagg,lag
dwonload,download
ngerti,mengerti
ndak,tidak
asikk,asyik
gasuka,tidak suka
ngulang,mengulang
tidk,tidak
capee,lelah
ajh,saja
matiin,mematikan
bngett,banget
pesen,pesan
bangt,banget
jngn,jangan
mo,mau
skali,sekali
fb,facebook
ajay,anjir
okee,oke
bgtu,begitu
reting,rating
folowers,followers
baned,banned
ngleg,lag
anjay,anjing
dowlod,download
ksih,kasih
mantaap,mantap
sendri,sendiri
skli,sekali
dl,dulu
nyalain,menyalakan
gausah,tidak usah
donglot,download
gapapa,tidak apa-apa
nginstal,install
fto,foto
dahh,sudah
kehapus,terhapus
dibukaa,terbuka
wkwk,haha
th,tahun
bisah,bisa
ngechat,chat
sayah,saya
hastag,hashtag
suda,sudah
nglag,lag
tlng,tolong
lma,lama
kyak,seperti
diperbaikin,diperbaiki
sekrng,sekarang
gegara,gara-gara
gacor,lancar
w,saya
sukak,suka
nyampe,sampai
jadii,jadi
biarin,biarkan
skrol,scroll
perbaikii,perbaiki
dann,dan
syaa,saya
sekrang,sekarang
turunin,turunkan
ngehapus,hapus
donwlod,download
lgii,lagi
gda,tidak ada
mantaf,mantap
bagu,bagus
banya,banyak
nii,ini
ngebugg,ngebug
kecilin,kecilkan
bareng,bersama
udahh,sudah
ngelegg,lag
knpaa,kenapa
ngelive,live
tiktod,tiktok
okey,oke
laen,lain
mainin,mainkan
donlowd,download
ahir,akhir
haruss,harus
lainya,lainnya
gajelass,tidak jelas
makasi,terima kasih
mangkin,makin
bkn,bukan
anjirr,anjing
kocakk,kocak
enk,enak
intal,install
scrool,scroll
ulangg,ulang
inih,ini
smoga,semoga
padahl,padahal
apain,apakan
dak,tidak
blom,belum
ngebuk,ngebug
nda,tidak
gakk,tidak
sperti,seperti
diliat,dilihat
capekk,lelah
hbs,habis
sangan,sangat
naikin,naikkan
cuy,bro
ngecrash,crash
ngelanggar,melanggar
ngepost,posting
nyobain,mencoba
vd,video
baikk,baik
blum,belum
gni,begini
bagusin,perbaiki
tikto,tiktok
laporin,laporkan
bales,balas
kesell,kesal
trima,terima kasih
bjir,anjing
ngeliat,melihat
seringg,sering
matap,mantap
gra,gara-gara
tidakk,tidak
pelangaran,pelanggaran
padahall,padahal
sensi,sensitif
padhal,padahal
ngambil,mengambil
goodd,bagus
lbih,lebih
penguna,pengguna
ngeblokir,memblokir
aduhh,aduh
jdinya,jadinya
koq,kok
keblok,diblokir
ngajuin,mengajukan
ilangg,hilang
aktifin,aktifkan
mintak,minta
kanapa,kenapa
apkny,aplikasinya
buatt,buat
cpe,lelah
jelasin,jelaskan
hapusin,hapus
cumn,hanya
batasin,batasi
engak,tidak
wkwkwk,haha
rekomen,rekomendasi
baruu,baru
harii,hari
rusakk,rusak
guaa,saya
taik,tai
loo,kamu
unstal,uninstall
bete,kesal
tdi,tadi
doangg,saja
ngehang,hang
smpai,sampai
liv,live
blokirr,diblokir
streakk,streak
donglod,download
ngelike,like
markotop,mantap
prbaiki,perbaiki
ngumpulin,mengumpulkan
agk,agak
betulin,perbaiki
habisin,habiskan
hapuss,hapus
ngeframe,frame
sekrol,scroll
maless,malas
jngan,jangan
relog,login ulang
hnya,hanya
fypp,for you page
cpt,cepat
gabutt,tidak ada kegiatan
mosting,posting
klok,kalau
ngebuat,membuat
benget,banget
lansung,langsung
ngerasa,merasa
untk,untuk
sj,saja
blanja,belanja
ngisi,mengisi
ngebosenin,membosankan
bestt,best
hilangg,hilang
sipp,sip
mksh,terima kasih
sprti,seperti
tt,tiktok
apknya,aplikasinya
bukak,buka
titok,tiktok
nunggu,menunggu
cuan,keuntungan
trss,terus
apk,aplikasi
gabisaa,tidak bisa
mending,lebih baik
tmpt,tempat
bneran,sungguh
di,di
tiktok,tiktok
bisa,bisa
bagus,bagus
saya,saya
nya,nya
ini,ini
aplikasi,aplikasi
dan,dan
sangat,sangat
tolong,tolong
aku,aku
buka,buka
tidak,tidak
tapi,tetapi
ada,ada
akun,akun
yang,yang
suka,suka
ya,ya
harus,harus
sering,sering
mau,mau
padahal,padahal
terus,kemudian
bug,kesalahan sistem
tiba,tiba
tok,tiktok
tik,tiktok
banyak,banyak
perbaiki,perbaiki
jadi,jadi
masuk,masuk
hp,ponsel
keluar,keluar
update,perbarui
ke,ke
buat,membuat
sekarang,sekarang
hapus,hapus
juga,juga
malah,bahkan
lama,lama
untuk,untuk
baru,baru
sendiri,sendiri
itu,itu
live,siaran langsung
sih,nan
seru,seru
sama,dengan
mantap,bagus
kok,mengapa
video,video
makin,semakin
pas,saat
kadangkali,kadang-kadang
ku,saya
sekali,sekali
sudah,sudah
apa,apa
hari,hari
setiap,setiap
selalu,selalu
logo,logo
fitur,fitur
karena,karena
dulu,dahulu
dong,nan
kali,mungkin
bintang,bintang
dari,dari
kasih,beri
orang,orang
baik,baik
aplikasinya,aplikasinya
instal,pasang
ok,oke
masih,masih
dengan,dengan
ngebug,bermasalah
lah,nan
kalau,kalau
mohon,mohon
blokir,blokir
jelek,jelek
gw,saya
uninstall,hapus instalasi
trus,kemudian
susah,susah
masa,masa
nge,nan
jelas,jelas
kena,kena
lain,lain
nonton,menonton
mulu,melulu
aneh,aneh
keren,keren
atau,atau
lebih,lebih
diperbaiki,diperbaiki
foto,foto
pelanggaran,pelanggaran
semua,semua
knp,mengapa
jangan,jangan
muncul,muncul
ngeleg,lambat
menghibur,menghibur
kita,kita
kan,nan
trs,kemudian
saat,saat
parah,parah
konten,konten
good,bagus
komen,komentar
langsung,langsung
biar,supaya
install,pasang
jaringan,jaringan
saja,saja
lancar,lancar
si,nan
setelah,setelah
hilang,hilang
kembali,kembali
eror,kesalahan sistem
iklan,iklan
membantu,membantu
seperti,seperti
tpi,tetapi
coba,coba
gini,begitu
kecewa,kecewa
stuck,tertahan
terlalu,terlalu
pasti,pasti
ko,mengapa
membuat,membuat
semoga,semoga
akhir,akhir
teman,teman
oke,oke
punya,punya
semakin,semakin
dapat,dapat
umur,umur
sampai,sampai
lumayan,lumayan
beberapa,beberapa
gara,gara
kurang,kurang
satu,satu
hiburan,hiburan
deh,nan
komentar,komentar
nih,nan
biasa,biasa
fyp,fyp
tetap,tetap
enak,enak
menarik,menarik
masalah,masalah
main,bermain
tiktoknya,tiktok-nya
mana,mana
tp,tetapi
hanya,hanya
pernah,pernah
loading,memuat
belum,belum
anak,anak
pesan,pesan
terimakasi,terima kasih
posting,unggah
buruk,buruk
pihak,pihak
patah,patah
data,data
uninstal,hapus instalasi
pun,pun
maaf,maaf
pakai,pakai
ban,akun ditangguhkan
cari,cari
sihh,nan
suara,suara
x,kali
kesini,ke sini
luar,luar
ketika,ketika
sedikit,sedikit
tetapi,tetapi
dihapus,dihapus
kirim,kirim
barang,barang
efek,efek
memori,memori
tulisan,tulisan
mudah,mudah
an,nan
y,ya
begitu,begitu
admin,admin
rusak,rusak
gabut,bosan
eh,nan
sumpah,demi tuhan
kuota,kuota
mb,mb
mengguna,menggunakan
chat,pesan
bagi,bagi
kalian,kalian
jam,jam
paling,paling
macet,macet
terbaik,terbaik
diblokir,diblokir
koin,koin
sistem,sistem
akan,akan
cepat,cepat
kebanyakan,kebanyakan
postingan,unggahan
sayang,sayang
bahkan,bahkan
kasi,beri
giliran,giliran
kembalikan,kembalikan
monyet,monyet
memang,memang
dia,dia
melihat,melihat
memuaskan,memuaskan
menjadi,menjadi
nanti,nanti
developer,pengembang
melanggar,melanggar
awal,awal
beli,beli
banding,banding
jika,jika
katanya,katanya
ternyata,ternyata
banned,ditangguhkan
menurut,menurut
menonton,menonton
internet,internet
game,permainan
melakukan,melakukan
bolak,bolak-balik
lite,lite
layar,layar
s,nan
k,nan
kecil,kecil
a,nan
gunakan,gunakan
apalagi,apalagi
besar,besar
daftar,daftar
it,itu
paket,paket
perbarui,perbarui
apapun,apapun
iya,ya
dm,pesan langsung
hampir,hampir
atas,atas
leg,lambat
permanen,permanen
riwayat,riwayat
top,teratas
berapa,berapa
teruss,kemudian
followers,pengikut
membuka,membuka
mah,nan
gambar,gambar
lucu,lucu
terjadi,terjadi
ribet,rumit
alasan,alasan
mungkin,mungkin
ngapa,mengapa
sesuai,sesuai
sini,sini
kami,kami
berhenti,berhenti
sehari,sehari
biasanya,biasanya
pencarian,pencarian
mencari,mencari
menginstal,menginstal
walaupun,walaupun
digunakan,digunakan
ngestuck,tertahan
gampang,mudah
lima,lima
bulan,bulan
bantu,bantu
jadinya,jadinya
saran,saran
sarang,sarang
peringatan,peringatan
is,nan
kira,kira
dana,dana
edit,edit
soal,soal
lewat,lewat
benar,benar
dua,dua
bermasalah,bermasalah
post,unggah
terbaru,terbaru
supaya,supaya
gb,gb
nama,nama
berulang,berulang
bawah,bawah
mentok,tertahan
dll,dan lain-lain
bugnya,kesalahan sistemnya
sulap,sulap
pembatasan,pembatasan
profil,profil
informasi,informasi
sampah,sampah
adalah,adalah
ttp,tetapi
suruh,suruh
boleh,boleh
indonesia,indonesia
ngapain,sedang apa
normal,normal
bilang,bilang
kesalahan,kesalahan
toko,toko
bayar,bayar
apalah,apalah
sii,ya
berfungsi,berfungsi
unistal,hapus instalasi
kocak,lucu
dowload,unduh
minggu,minggu
logonya,logonya
paylater,paylater
terpaksa,terpaksa
velocity,kecepatan
mental,mental
perangkat,perangkat
mulai,mulai
tanggal,tanggal
terhibur,terhibur
memo,memo
saldo,saldo
mengapa,mengapa
promosi,promosi
up,unggah
judol,judi online
pengalaman,pengalaman
sebenarnya,sebenarnya
sedang,sedang
nice,bagus
api,aplikasi
kemarin,kemarin
tentang,tentang
versi,versi
woi,hei
semenjak,semenjak
jualan,berjualan
terkadang,terkadang
sensitif,sensitif
videonya,videonya
harga,harga
menghasilk,menghasilkan
penting,penting
secara,secara
hitam,hitam
beri,beri
bet,banget
sebelum,sebelum
beranda,beranda
oleh,oleh
mendapatk,mendapatkan
mantapp,bagus
burik,jelek
t,nan
entah,entah
lainnya,lainnya
knapa,mengapa
android,android
mendownl,mengunduh
aturan,aturan
gagal,gagal
sedangkan,sedangkan
selamanya,selamanya
rating,penilaian
menit,menit
sukses,sukses
pengikut,pengikut
pokok,pokok
sebelumny,sebelumnya
pagi,pagi
iq,iq
keranjang,keranjang
scrol,gulir
kepada,kepada
hati,hati
komunitas,komunitas
lahir,lahir
no,nomor
tersebut,tersebut
jujur,jujur
ruang,ruang
lagu,lagu
pertama,pertama
stak,tertahan
bosan,bosan
belajar,belajar
lambat,lambat
otomatis,otomatis
baca,baca
tadi,tadi
sm,sama / dengan
akhirnya,akhirnya
donwload,unduh
begini,begini
namun,namun
close,tutup
b,nan
merasa,merasa
apakah,apakah
guna,guna
isi,isi
seminggu,seminggu
payah,payah
keblokir,terblokir
tb,tiba-tiba
amat,sangat
donggg,nan
koneksi,koneksi
tapii,tetapi
heran,heran
lahh,nan
menggangg,mengganggu
ulasan,ulasan
beda,berbeda
para,para
panas,panas
tonton,menonton
restart,muat ulang
bagaimana,bagaimana
loding,memuat
lupa,lupa
blm,belum
kamu,kamu
emosi,emosi
semuanya,semuanya
repost,unggah ulang
kualitas,kualitas
ama,sama / dengan
sengaja,sengaja
suaranya,suaranya
pasang,pasang
dehh,nan
gila,gila
kamera,kamera
kreator,kreator
sekian,sekian
ngirim,mengirim
menghapu,menghapus
vn,pesan suara
tempat,tempat
sedih,sedih
cek,cek
terbuka,terbuka
nambah,menambah
donk,nan
isinya,isinya
selama,selama
my,saya
menyukai,menyukai
usah,usah
kasar,kasar
upgrade,tingkatkan
berita,berita
tolongg,tolong
mesti,harus
jir,nan
mengecew,mengecewakan
selesai,selesai
boros,boros
sebagai,sebagai
memberika,memberikan
pl,tolong
akunnya,akunnya
kenapaa,mengapa
kendala,kendala
bersihkan,bersihkan
donlot,unduh
youtube,youtube
band,akun ditangguhkan
kerja,kerja
rendah,rendah
harap,harap
disini,di sini
menambah,menambah
memberi,memberi
peraturan,peraturan
kesal,kesal
telah,telah
sma,sama / dengan
tombol,tombol
n,nan
hasil,hasil
verifikasi,verifikasi
mengirim,mengirim
ber,nan
ah,nan
solusinya,solusinya
akunku,akun saya
terkena,terkena
fiturnya,fiturnya
copot,lepas / hapus instalasi
minimal,minimal
sulit,sulit
memakai,memakai
pesanan,pesanan
perbaikan,perbaikan
woy,hei
kode,kode
makan,makan
syarat,syarat
kah,nan
batasan,batasan
kentang,spesifikasi rendah
apdet,perbarui
block,blokir
naik,naik
klik,klik
tunggu,tunggu
unduh,unduh
respon,respons
log,catatan sistem
truss,kemudian
tontonan,tontonan
virus,virus
butuh,butuh
mereka,mereka
ngeselin,menyebalkan
mengalam,mengalami
menanggap,menanggapi
bantuanny,bantuannya
hilangkan,hilangkan
batas,batas
napa,mengapa
this,ini
parahh,parah
stiker,stiker
caranya,caranya
notifikasi,notifikasi
mantab,bagus
dibawah,di bawah
kuning,kuning
potongan,potongan
anehh,aneh
perlu,perlu
segala,segala
info,informasi
ngedit,mengedit
menerus,menerus
crash,keluar mendadak
tahu,tahu
bukannya,bukannya
play,putar
fix,perbaiki
ikut,ikut
sdm,sdm
bingung,bingung
secepatnya,secepatnya
hidup,hidup
penurun,penurunan
jawab,jawab
email,pos-el
malas,malas
judi,judi
awalnya,awalnya
dewasa,dewasa
kedepanny,kedepannya
disuruh,disuruh
on,aktif
dunia,dunia
asal,asal
jarang,jarang
produk,produk
pilih,pilih
ap,apa
ngestak,tertahan
pindah,pindah
media,media
memenuhi,memenuhi
kurangin,kurangi
cache,tembolok
lengkap,lengkap
minn,admin
berubah,berubah
trend,tren
macam,macam
dipencet,ditekan
bag,kesalahan sistem
walau,walau
tolonglah,tolong
jelekk,jelek
lh,nan
alhasil,alhasil
ganggu,terganggu
cod,bayar di tempat
follow,ikuti
ayo,ayo
diupdate,diperbarui
besok,besok
didownloa,diunduh
sebab,sebab
bngtt,sekali
terblokir,terblokir
menu,menu
diri,diri
affiliate,afiliasi
bukaa,buka
bahasa,bahasa
tingkatkan,tingkatkan
mode,mode
nomor,nomor
halo,halo
adanya,adanya
buang,buang
bugg,kesalahan sistem
kepo,ingin tahu
baper,bawa perasaan
mager,malas gerak
receh,tidak lucu
sultan,kaya raya
ghosting,menghilang
flexing,pamer
healing,berlibur
vibes,suasana
toxic,beracun
cringe,malu
epic,luar biasa
woles,santai
gercep,gerak cepat
sotoy,sok tahu
ketar-ketir,ketakutan
nyinyir,berkomentar negatif
julid,iri hati
pansos,panjat sosial
spill,membocorkan
salty,kesal
savage,kejam
ambigu,tidak jelas
absurd,tidak masuk akal
hoax,berita bohong
endorse,promosi
selebgram,selebriti instagram
influencer,pemberi pengaruh
netizen,warga internet
haters,pembenci
subscribe,berlangganan
clickbait,judul menipu
scam,penipuan
phising,pencurian data
trolling,mengusik
roasting,mengejek
caption,keterangan
nongki,nongkrong
kongkow,berkumpul
kulineran,wisata kuliner
staycation,liburan di rumah
workation,kerja sambil berlibur
ngebucin,tergila-gila
rebahan,berbaring
mageran,bermalas-malasan
ngabuburit,menunggu buka puasa
keju,ketinggalan jaman
jaim,jaga image
alay,norak
garing,tidak lucu
gaskeun,ayo lakukan
mantul,mantap betul
yakali,masa sih
njay,anjing
astagfirullah,minta ampun
bislah,bisa
okesip,baiklah
cusss,ayo pergi
otw,sedang menuju
omw,sedang menuju
brb,segera kembali
afk,jauh dari keyboard
gg,bagus
noob,pemula
tryhard,berusaha keras
carry,membawa kemenangan
nerf,melemahkan
buff,menguatkan
pushrank,menaikkan peringkat
cupu,tidak berpengalaman
meta,strategi terbaik
bangke,bangkai
geblek,bodoh
dodol,bodoh
pekok,bodoh
koplo,bodoh
plonga,linglung
plongo,terbengong
cengo,terdiam
mangap,menganga
keselek,tersedak
terpingkal,tertawa keras
mewek,menangis
ngambek,merajuk
manyun,cemberut
ngambul,merajuk
sewot,marah
ngamok,marah
misuh,memaki
geregetan,gemas
gondok,kesal
muak,jijik
risih,tidak nyaman
gerah,tidak nyaman
nimbrung,ikut bergabung
nebeng,menumpang
nyolong,mencuri
ngutil,mencuri
colong,mencuri
comot,mengambil
sambar,mengambil cepat
nyaplok,memukul
geplak,memukul
tampol,memukul
tonjok,meninju
bogem,meninju
gampar,menampar
gebuk,memukul
bantai,memukul habis
libas,serang habis
kabor,melarikan diri
ngibrit,berlari
ngacir,pergi cepat
cabut,pergi
minggat,pergi
ngeloyor,pergi begitu saja
ngedumel,mengomel
rempong,ribet
malesin,membuat malas
bikinbete,membuat kesal
berabe,masalah
runyam,rumit
ruwet,rumit
kusut,berantakan
semberawut,berantakan
morat-marit,tidak karuan
carut-marut,tidak karuan
mumet,pusing
kliyengan,pusing
teler,mabuk
ngefly,melayang
sakaw,kecanduan
addict,kecanduan
ngebut,cepat
ngeblong,kosong
melempem,loyo
lunglai,lemas
ngos-ngosan,kehabisan napas
tumbang,roboh
keok,kalah
kalap,tidak terkendali
bombastis,berlebihan
sumringah,berseri-seri
mesem,tersenyum
cengengesan,tersenyum terus
nyengir,tersenyum lebar
cekikikan,tertawa geli
terbahak,tertawa keras
ngikik,tertawa tertahan
ngeledek,mengejek
ngejekin,mengejek
ngebully,menindas
ngatain,memaki
nyolot,melawan
ngelunjak,semakin berani
keparat,sialan
brengsek,jahat
bedebah,penjahat
bajingan,penjahat
terkutuk,dikutuk
ngehe,kesal
asem,ekspresi kesal
buset,ekspresi kaget
edan,gila
sinting,gila
depresi,tertekan
overthink,terlalu banyak pikir
insecure,tidak percaya diri
anxious,cemas
gundah,gelisah
resah,gelisah
gusar,gelisah
sendu,pilu
nelangsa,menderita
nglangut,melamun
termenung,merenung
mikirin,memikirkan
mutusin,memutuskan
nentuin,menentukan
milih,memilih
nyamperin,mendatangi
nyusul,menyusul
nyusruk,terjatuh
keserimpet,tersandung
kepeleset,tergelincir
nyenggol,menyenggol
nyerempet,menyerempet
nyalip,mendahului
motong,memotong jalan
nyetir,mengemudi
ngendarain,mengendarai
bonceng,membonceng
ngojek,naik ojek
ngangkot,naik angkot
ngebis,naik bus
nyeker,tidak beralas kaki
nyopet,mencopet
ngompol,buang air kecil
beser,sering buang air
keseringan,terlalu sering
molor,tertidur
ketiduran,tertidur
melek,terjaga
lembur,kerja tambahan
kerjarodi,kerja keras
bantingtulang,kerja keras
pontang-panting,terburu-buru
kelimpungan,kesulitan
kerepotan,kesulitan
keteteran,kewalahan
megap-megap,kesulitan
kepayahan,kelelahan
cenat-cenut,berdenyut
nyut-nyutan,berdenyut
pegel,pegal
kesemutan,kebas
merinding,bulu kuduk berdiri
keringet,berkeringat
keringetan,berkeringat banyak
basahkuyup,sangat basah
becek,berlumpur
dekil,kotor
kumel,kusam
lusuh,usang
rongsok,rusak
rongsokan,barang rusak
gaduh,ribut
ricuh,kacau
heboh,ramai
asoy,menyenangkan
ciamik,bagus sekali
badai,luar biasa
goks,gila
selow,santai
chill,santai
kalem,tenang
anteng,tenang
cuek,tidak peduli
acuh,tidak peduli
emoh,tidak mau
ogah,tidak mau
segan,enggan
ngarep,berharap
kepengen,sangat ingin
ngiler,tergiur
mupeng,muka pengen
kebelet,sangat ingin
unyu,imut
kawaii,imut
gemesin,menggemaskan
jelita,cantik
molek,cantik
ayu,cantik
ganjen,centil
centil,genit
penggoda,suka merayu
gombal,rayuan
gombalan,rayuan
pdkt,pendekatan
nembak,menyatakan cinta
ditolak,tidak diterima
patahhati,kecewa asmara
moveon,melupakan
kangen,merindukan
cemburuan,pencemburu
posesif,pencemburu berlebihan
clingy,lengket
sadboi,pria sedih
sadgirl,wanita sedih
jones,jomblo ngenes
menjomblo,masih sendiri
nganggur,tidak bekerja
nguli,bekerja keras
ngamen,bermain musik jalanan
mangkal,menunggu
ngobar,ngobrol bareng
ngegosip,bergosip
ngerumpi,bergosip
ngrasani,membicarakan
ngomongin,membicarakan
ghibah,bergosip
fitnah,tuduhan palsu
hoaks,berita bohong
isu,kabar angin
kabarburung,berita tidak resmi
mitos,cerita rakyat
legenda,cerita lama
bualan,kebohongan
bohongan,palsu
abal-abal,tidak asli
murahan,murah
selangit,sangat mahal
mehong,mahal
murce,murah sekali
gratisan,tidak berbayar
trf,transfer
ewallet,dompet digital
cashback,uang kembali
promo,penawaran
flashsale,penjualan kilat
checkout,pembayaran
wishlist,daftar keinginan
ngasal,asal-asalan
ngawur,sembarangan
ngelindur,mengigau
nyeletuk,berkata tiba-tiba
celetukan,ucapan spontan
ngeyel,membantah
ngebandel,bandel
nakal,tidak patuh
sompret,sialan
kunyuk,monyet
songong,sombong
jumawa,terlalu percaya diri
pongah,sombong
congkak,sombong
ngadi-adi,pamer
nunjukin,menunjukkan
keliatan,terlihat
keceplosan,tidak sengaja bicara
kepleset,salah bicara
salting,salah tingkah
grogi,gugup
canggung,tidak nyaman
minderan,minder
minder,rendah diri
nyali,keberanian
ciut,takut
keder,takut
gentar,takut
mungil,kecil
gedong,besar
jumbo,sangat besar
ceking,kurus
ndut,gemuk
montok,berisi
singset,berlekuk
jangkung,tinggi
cebol,pendek
bongsor,besar
kerempeng,kurus
kurusan,kurus
gemukan,gemuk
gemukin,menambah berat
ngurusin,menurunkan berat
fitnes,olahraga kebugaran
joging,lari santai
nyepeda,bersepeda
nyasar,tersesat
nyambung,berkaitan
nyantol,menempel
nempel,menempel
ngikut,mengikuti
ngekor,mengikuti dari belakang
nguntit,mengikuti diam-diam
stalking,menguntit
mautauaja,ingin tahu
tanyamulu,selalu bertanya
ngegas,menambah kecepatan
ngeden,mengejan keras
ngeluyur,pergi tanpa tujuan
keblinger,salah jalan
salah kaprah,salah pengertian
ngomporin,memprovokasi
manas-manasin,memanas-manasi
ngoyo,memaksakan diri
maksa,memaksa
desak,mendesak
ngotot,bersikeras
keukeuh,bersikeras
mbudeg,pura-pura tuli
budegan,tuli
kuping,telinga
kupingnya,telinganya
simak,perhatikan
perhatiin,perhatikan
awasin,awasi
intip,mengintip
nguping,menguping
nyadap,menyadap
ngibul,berbohong
ngemeng,berbicara
ngecap,berbicara
meng,mengapa
la,tidak
bangat,sekali
sandi,sandi
sistemnya,sistemnya
tersedia,tersedia
dipakai,dipakai
ktp,ktp
wow,wow
adil,adil
wawasan,wawasan
kapan,kapan
kemudian,kemudian
cok,nan
solusi,solusi
asli,asli
putih,putih
tutup,tutup
semangat,semangat
kurangi,kurangi
ditiktok,di tiktok
mengikuti,mengikuti
negatif,negatif
dasar,dasar
musik,musik
sound,suara
updet,perbarui
bantuan,bantuan
masalahny,masalahnya
akses,akses
ih,astaga
yaitu,yaitu
tinggal,tinggal
co,beli
dilogo,di logo
penonton,penonton
penipuan,penipuan
tolonginn,tolong
lakukan,lakukan
maupown,maupun
maksain,memaksakan
dicariin,dicari
smp,sampai
bgt,sangat
lagi,sedang
dipusingin,dipikirkan
parahhh,parah
siapa,siapa
film,film
pembayara,pembayaran
woii,hei
kosong,kosong
mendukun,mendukung
stabil,stabil
nah,nan
bagian,bagian
mahal,mahal
harusnya,seharusnya
hadeh,hadeh
agama,agama
force,paksa
berbagai,berbagai
sekalii,sekali
hpku,ponsel saya
pengetahu,pengetahuan
pulihkan,pulihkan
pantas,pantas
ongkir,ongkos kirim
tanda,tanda
sungguh,sungguh
anjir,nan
favorit,favorit
filternya,filternya
kau,kamu
hpnya,ponselnya
merugikan,merugikan
aq,saya
jalan,jalan
alhamdulill,alhamdulillah
e,nan
ampun,ampun
lemott,lambat
streaming,penayangan mengalir
ngomong,berbicara
kirain,mengira
kandang,kandang
store,toko
m,nan
niat,niat
selain,selain
gratis,gratis
hadehh,hadehh
rumah,rumah
spam,pesan sampah
but,tetapi
iklannya,iklannya
not,bukan
mencoba,mencoba
tiga,tiga
can,bisa
downlod,unduh
sayangnya,sayangnya
keluhan,keluhan
hd,hd
laporan,laporan
ngebag,bermasalah
tiktokshop,tiktok shop
pengaturan,pengaturan
batasi,batasi
sementara,sementara
thn,tahun
sesuatu,sesuatu
tampilan,tampilan
sosial,sosial
aktif,aktif
kacau,kacau
memiliki,memiliki
ubah,ubah
tangguhkan,tangguhkan
rasa,rasa
kuat,kuat
poll,sekali
pengemba,pengembang
murah,murah
lohh,nan
ter,nan
tokotan,tiktok-an
tambahkan,tambahkan
gelap,gelap
tata,tata
senonoh,senonoh
bermain,bermain
kelas,kelas
dikasih,diberi
dimana,di mana
ujung,ujung
panduan,panduan
perasaan,perasaan
letak,letak
mntap,bagus
ig,instagram
ehh,nan
ai,ai
muluu,melulu
diinstal,diinstal
mempostin,memuat unggahan
ngetik,mengetik
q,saya
penghasila,penghasilan
benci,benci
bukanya,bukannya
gangguan,gangguan
mantep,bagus
daya,daya
tinggi,tinggi
punyaku,punya saya
google,google
loadingnya,proses memuatnya
seharusnya,seharusnya
viral,viral
of,dari
cewe,perempuan
hebat,hebat
sehingga,sehingga
malam,malam
malahan,malahan
perubahan,perubahan
diperbarui,diperbarui
meskipun,meskipun
kebijakan,kebijakan
busuk,buruk
application,aplikasi
penjual,penjual
memperba,memperbaiki
dibuat,dibuat
pusing,pusing
pengiriman,pengiriman
kenpa,mengapa
simpan,simpan
jaya,jaya
nyebelin,menyebalkan
kegiatan,aktivitas
ketemu,bertemu
kepoin,ingin tahu
stalkin,menguntit
nyimak,memperhatikan
gabungin,menggabungkan
pisahin,memisahkan
campurin,mencampurkan
aduk,mengaduk
goyang,bergoyang
joget,menari
ngedance,menari
nyanyi,bernyanyi
ngerap,bernyanyi rap
ngebeat,membuat ketukan
dengerin,mendengarkan
lanjut,berlanjut
ulang,mengulangi
balik,kembali
pulang,ke rumah
ngetem,menunggu penumpang
narik,menarik penumpang
nyetop,menghentikan
brenti,berhenti
mangkir,tidak hadir
bolos,membolos
ngaret,terlambat
telat,terlambat
kesiangan,terlambat bangun
kesorean,terlambat sore
kepagian,terlalu pagi
lelet,pelan
pelan-pelan,perlahan
cepetan,lebih cepat
buruan,segera
lekas,segera
mindahin,memindahkan
taroin,menaruh
simpen,menyimpan
ambil,mengambil
bawa,membawa
angkat,mengangkat
jinjing,menjinjing
gendong,menggendong
pikul,memikul
panggul,memanggul
seret,menyeret
dorong,mendorong
tarik,menarik
lempar,melempar
tangkep,menangkap
pegang,memegang
genggam,menggenggam
cengkram,mencengkeram
peluk,memeluk
gandeng,menggandeng
rangkul,merangkul
tepuk,menepuk
usap,mengusap
elus,mengelus
cubit,mencubit
jewer,menjewer
cakar,mencakar
garuk,menggaruk
gosok,menggosok
sikat,menyikat
sapu,menyapu
nyuci,mencuci
ngepel,mengepel
nyetrika,menyetrika
njahit,menjahit
ngerajut,merajut
nyulam,menyulam
masak,memasak
goreng,menggoreng
rebus,merebus
panggang,memanggang
bakar,membakar
kukus,mengukus
tumis,menumis
oseng,mengoseng
geprek,mengeprek
nyemur,menyemur
ngerendang,merendang
ngecek,memeriksa
ngetes,menguji
ngerasain,merasakan
ngicipin,mencicipi
nyeduh,menyeduh
ngaduk,mengaduk
nyeruput,menyeruput
ngunyah,mengunyah
nelen,menelan
ngemil,memakan camilan
jajan,membeli jajanan
belanjain,membelanjakan
borong,membeli banyak
ngutang,berhutang
nyicil,mencicil
lunasin,melunasi
bayarin,membayarkan
traktir,mentraktir
bosenan,mudah bosan
kejadian,kejadian
turun,turun
pembaruan,pembaruan
namanya,namanya
mood,suasana hati
betul,betul
berikan,berikan
why,mengapa
device,perangkat
unsur,unsur
utama,utama
otak,otak
woyy,hei
ajukan,ajukan
proses,proses
shopnya,tokonya
meresahkan,meresahkan
ihh,nan
minus,kurang
draft,draf
berkembang,berkembang
hape,ponsel
donload,unduh
wah,wah
geser,geser
coin,koin
tolak,tolak
drama,drama
sepi,sepi
bodoh,bodoh
dibukak,dibuka
positif,positif
layanan,layanan
pemberitahuan,pemberitahuan
pula,pula
me,saya
aplikasih,aplikasi
jauh,jauh
bos,bos
ataupun,ataupun
intinya,intinya
maupun,maupun
apasih,ada apa
handphone,ponsel
berjalan,berjalan
serta,serta
melulu,melulu
nyala,nyala
bad,buruk
chatan,mengobrol
platform,platform
kalinya,kalinya
butut,jelek
maksudnya,maksudnya
dibatasi,dibatasi
erorr,kesalahan sistem
ilmu,ilmu
bangus,bagus
contoh,contoh
ngonten,membuat konten
pemula,pemula
kolom,kolom
sambil,sambil
terutama,terutama
kenak,kena
kelamaan,terlalu lama
hai,hai
privasi,privasi
kekurangan,kekurangan
bahwa,bahwa
potong,potong
bersihin,bersihkan
kn,kan
luang,luang
makanya,makanya
pp,foto profil
da,ada
rada,agak
mengganggu,mengganggu
perhatikan,perhatikan
hasilnya,hasilnya
demi,demi
lolos,lolos
percuma,percuma
akal,akal
semula,semula
sebentar,sebentar
kenal,kenal
kurir,kurir
ngelakuin,melakukan
samsung,samsung
rugi,rugi
mencet,menekan
cewek,perempuan
aktivitas,aktivitas
tim,tim
luas,luas
detik,detik
uinstal,hapus instalasi
p,halo
mulung,mengumpulkan
aga,agak
memory,memori
pikir,pikir
ng,nan
view,tampilan
warna,warna
tanya,tanya
report,laporkan
dilihat,dilihat
cantik,cantik
besoknya,besoknya
ngebleng,kosong
edukasi,edukasi
canggih,canggih
adaa,ada
situ,situ
mu,mu
se,semua
bukan,bukan
tahun,tahun
belanja,belanja
aman,aman
habis,habis
wifi,wi-fi
penyimpar,penyimpanan
usia,usia
knpa,mengapa
agak,agak
berat,berat
sinyal,sinyal
ngelek,lambat
menyenan,menyenangkan
waktu,waktu
blok,blokir
cara,cara
cukup,cukup
error,kesalahan sistem
the,nan
pencet,tekan
mati,mati
pada,pada
streak,beruntun
ingin,ingin
hal,hal
i,nan
senang,senang
uang,uang
lalu,lalu
bermanfaa,bermanfaat
segera,segera
filter,filter
puas,puas
tanpa,tanpa
pokoknya,pokoknya
berkali,berkali-kali
kata,kata
cocok,cocok
agar,agar
pengguna,pengguna
ram,ram
dlu,dahulu
minta,minta
salah,salah
dalam,dalam
lihat,lihat
vt,video tiktok
tambah,tambah
ganti,ganti
berguna,berguna
loh,nan
in,masuk
anda,anda
penuh,penuh
nyaman,nyaman
terima,terima
postingingan,unggahan
memuaska,memuaskan
kenapa,kenapa
dibuka,terbuka
kupunya,aku punya
setujui,setujui
nontong,nonton
